<?xml version="1.0" encoding="UTF-8"?><api-library>   <name>NumberConversion</name>   <code>NUMBERCONVERSION</code>   <version>01.00.0000</version>   <implementationType>JAVASCRIPT</implementationType>   <sources>      <source>         <fileName>NumberFunctions.js</fileName>         <apiDefinitions>            <api apiid="NUMBERCONVERSION:01.00.0000:NumberFunctions.js:powerFn:base:power">               <classification>ORCHESTRATION</classification>               <classification>XPATH</classification>               <duplicateFnFlag>false</duplicateFnFlag>               <name>powerFn</name>               <inputParameters>                  <input>                     <icon>/oracle/ics/webconsole/view/images/string_24_ena.png</icon>                     <name>base</name>                     <type>string</type>                  </input>                  <input>                     <icon>/oracle/ics/webconsole/view/images/string_24_ena.png</icon>                     <name>power</name>                     <type>string</type>                  </input>               </inputParameters>               <libraryCode>NUMBERCONVERSION</libraryCode>               <outputParameters>                  <output>                     <icon>/oracle/ics/webconsole/view/images/string_24_ena.png</icon>                     <name>output</name>                     <type>string</type>                  </output>               </outputParameters>               <unsupportedSyntax>false</unsupportedSyntax>            </api>         </apiDefinitions>         <libraryCode>NUMBERCONVERSION</libraryCode>      </source>   </sources></api-library>