<?xml version="1.0" encoding="UTF-8"?><api-library>   <name>incrementdatebydays</name>   <code>INCREMENTDATEBYDAYS</code>   <version>01.00.0000</version>   <implementationType>JAVASCRIPT</implementationType>   <sources>      <source>         <fileName>incrdatebydays.js</fileName>         <apiDefinitions>            <api apiid="INCREMENTDATEBYDAYS:01.00.0000:incrdatebydays.js:incrdatebydays:inpdate_p:numofdays_p">               <classification>ORCHESTRATION</classification>               <classification>XPATH</classification>               <duplicateFnFlag>false</duplicateFnFlag>               <name>incrdatebydays</name>               <inputParameters>                  <input>                     <icon>/oracle/ics/webconsole/view/images/string_24_ena.png</icon>                     <name>inpdate_p</name>                     <type>string</type>                  </input>                  <input>                     <icon>/oracle/ics/webconsole/view/images/string_24_ena.png</icon>                     <name>numofdays_p</name>                     <type>string</type>                  </input>               </inputParameters>               <libraryCode>INCREMENTDATEBYDAYS</libraryCode>               <outputParameters>                  <output>                     <icon>/oracle/ics/webconsole/view/images/string_24_ena.png</icon>                     <name>retdate</name>                     <type>string</type>                  </output>               </outputParameters>               <unsupportedSyntax>false</unsupportedSyntax>            </api>         </apiDefinitions>         <libraryCode>INCREMENTDATEBYDAYS</libraryCode>      </source>   </sources></api-library>