<?xml version="1.0" encoding="UTF-8"?><api-library>   <name>getUnitPrice</name>   <code>GETUNITPRICE</code>   <version>01.10.0000</version>   <implementationType>JAVASCRIPT</implementationType>   <sources>      <source>         <fileName>getUnitPriceV3.js</fileName>         <apiDefinitions>            <api apiid="GETUNITPRICE:01.10.0000:getUnitPriceV3.js:getUnitPrice:TCV:QTY:BillFreq:StartDate:EndDate:TermStartDate:PriceType">               <classification>ORCHESTRATION</classification>               <classification>XPATH</classification>               <duplicateFnFlag>false</duplicateFnFlag>               <name>getUnitPrice</name>               <inputParameters>                  <input>                     <icon>/oracle/ics/webconsole/view/images/string_24_ena.png</icon>                     <name>TCV</name>                     <type>string</type>                  </input>                  <input>                     <icon>/oracle/ics/webconsole/view/images/string_24_ena.png</icon>                     <name>QTY</name>                     <type>string</type>                  </input>                  <input>                     <icon>/oracle/ics/webconsole/view/images/string_24_ena.png</icon>                     <name>BillFreq</name>                     <type>string</type>                  </input>                  <input>                     <icon>/oracle/ics/webconsole/view/images/string_24_ena.png</icon>                     <name>StartDate</name>                     <type>string</type>                  </input>                  <input>                     <icon>/oracle/ics/webconsole/view/images/string_24_ena.png</icon>                     <name>EndDate</name>                     <type>string</type>                  </input>                  <input>                     <icon>/oracle/ics/webconsole/view/images/string_24_ena.png</icon>                     <name>TermStartDate</name>                     <type>string</type>                  </input>                  <input>                     <icon>/oracle/ics/webconsole/view/images/string_24_ena.png</icon>                     <name>PriceType</name>                     <type>string</type>                  </input>               </inputParameters>               <libraryCode>GETUNITPRICE</libraryCode>               <outputParameters>                  <output>                     <icon>/oracle/ics/webconsole/view/images/numeric_24_ena.png</icon>                     <name>lp</name>                     <type>double</type>                  </output>               </outputParameters>               <unsupportedSyntax>false</unsupportedSyntax>            </api>            <api apiid="GETUNITPRICE:01.10.0000:getUnitPriceV3.js:ordinal">               <duplicateFnFlag>false</duplicateFnFlag>               <name>ordinal</name>               <inputParameters/>               <libraryCode>GETUNITPRICE</libraryCode>               <outputParameters/>               <unsupportedSyntax>false</unsupportedSyntax>            </api>         </apiDefinitions>         <libraryCode>GETUNITPRICE</libraryCode>      </source>   </sources></api-library>