<?xml version="1.0" encoding="UTF-8"?><api-library>   <name>SearchString</name>   <code>SEARCHSTRING</code>   <version>01.00.0000</version>   <implementationType>JAVASCRIPT</implementationType>   <sources>      <source>         <fileName>SearchString.js</fileName>         <apiDefinitions>            <api apiid="SEARCHSTRING:01.00.0000:SearchString.js:SearchString:InputString:FullString">               <classification>ORCHESTRATION</classification>               <classification>XPATH</classification>               <duplicateFnFlag>false</duplicateFnFlag>               <name>SearchString</name>               <inputParameters>                  <input>                     <description>String to be searched</description>                     <icon>/oracle/ics/webconsole/view/images/string_24_ena.png</icon>                     <name>InputString</name>                     <type>string</type>                  </input>                  <input>                     <description>Final String</description>                     <icon>/oracle/ics/webconsole/view/images/string_24_ena.png</icon>                     <name>FullString</name>                     <type>string</type>                  </input>               </inputParameters>               <libraryCode>SEARCHSTRING</libraryCode>               <outputParameters>                  <output>                     <description>position of occurrence if found, -1 if not found</description>                     <icon>/oracle/ics/webconsole/view/images/numeric_24_ena.png</icon>                     <name>pos</name>                     <type>double</type>                  </output>               </outputParameters>               <unsupportedSyntax>false</unsupportedSyntax>            </api>         </apiDefinitions>         <libraryCode>SEARCHSTRING</libraryCode>      </source>   </sources></api-library>