<?xml version="1.0" encoding="UTF-8"?><api-library>   <name>yearDiff</name>   <code>YEARDIFF</code>   <version>01.00.0000</version>   <implementationType>JAVASCRIPT</implementationType>   <sources>      <source>         <apiIdList>YEARDIFF:01.00.0000:getyeardiff.js:yearcheck:pstartdate:penddate</apiIdList>         <fileName>getyeardiff.js</fileName>         <apiDefinitions>            <api apiid="YEARDIFF:01.00.0000:getyeardiff.js:yearcheck:pstartdate:penddate">               <classification>ORCHESTRATION</classification>               <classification>XPATH</classification>               <duplicateFnFlag>false</duplicateFnFlag>               <name>yearcheck</name>               <inputParameters>                  <input>                     <icon>/oracle/ics/webconsole/view/images/string_24_ena.png</icon>                     <name>pstartdate</name>                     <type>string</type>                  </input>                  <input>                     <icon>/oracle/ics/webconsole/view/images/string_24_ena.png</icon>                     <name>penddate</name>                     <type>string</type>                  </input>               </inputParameters>               <libraryCode>YEARDIFF</libraryCode>               <outputParameters>                  <output>                     <icon>/oracle/ics/webconsole/view/images/string_24_ena.png</icon>                     <name>check</name>                     <type>string</type>                  </output>               </outputParameters>               <unsupportedSyntax>false</unsupportedSyntax>            </api>         </apiDefinitions>         <libraryCode>YEARDIFF</libraryCode>         <path>/u01/data/domains/oic/servers/oic_server1/storage/ics/tmp/WC/yearDiff/getyeardiff.js</path>      </source>   </sources></api-library>