<?xml version="1.0" encoding="UTF-8"?><api-library>   <name>GenericStringReplace</name>   <code>RENERICSTRINGREPLACE</code>   <version>01.00.0000</version>   <implementationType>JAVASCRIPT</implementationType>   <sources>      <source>         <fileName>Replace.js</fileName>         <apiDefinitions>            <api apiid="RENERICSTRINGREPLACE:01.00.0000:Replace.js:GenericStringReplace:inputString:findString:replaceWith">               <classification>ORCHESTRATION</classification>               <classification>XPATH</classification>               <duplicateFnFlag>false</duplicateFnFlag>               <name>GenericStringReplace</name>               <inputParameters>                  <input>                     <icon>/oracle/ics/webconsole/view/images/string_24_ena.png</icon>                     <name>inputString</name>                     <type>string</type>                  </input>                  <input>                     <icon>/oracle/ics/webconsole/view/images/string_24_ena.png</icon>                     <name>findString</name>                     <type>string</type>                  </input>                  <input>                     <icon>/oracle/ics/webconsole/view/images/string_24_ena.png</icon>                     <name>replaceWith</name>                     <type>string</type>                  </input>               </inputParameters>               <libraryCode>RENERICSTRINGREPLACE</libraryCode>               <outputParameters>                  <output>                     <icon>/oracle/ics/webconsole/view/images/string_24_ena.png</icon>                     <name>res</name>                     <type>string</type>                  </output>               </outputParameters>               <unsupportedSyntax>false</unsupportedSyntax>            </api>         </apiDefinitions>         <libraryCode>RENERICSTRINGREPLACE</libraryCode>      </source>   </sources></api-library>